<?xml version="1.0" encoding="UTF-8"?>
<project xmlns="http://maven.apache.org/POM/4.0.0" xmlns:xsi="http://www.w3.org/2001/XMLSchema-instance" xsi:schemaLocation="http://maven.apache.org/POM/4.0.0 http://maven.apache.org/maven-v4_0_0.xsd">
  <modelVersion>4.0.0</modelVersion>
  <groupId>IAmNotJustJess</groupId>
  <artifactId>DestroyTheMonument</artifactId>
  <name>DestroyTheMonument</name>
  <version>1.0</version>
  <build>
    <defaultGoal>install</defaultGoal>
    <resources>
      <resource>
        <filtering>true</filtering>
        <directory>src/main/resources</directory>
      </resource>
    </resources>
    <plugins>
      <plugin>
        <artifactId>maven-compiler-plugin</artifactId>
        <version>3.13.0</version>
        <configuration>
          <source>${java.version}</source>
          <target>${java.version}</target>
        </configuration>
      </plugin>
      <plugin>
        <artifactId>maven-shade-plugin</artifactId>
        <version>3.6.0</version>
        <executions>
          <execution>
            <phase>package</phase>
            <goals>
              <goal>shade</goal>
            </goals>
            <configuration>
              <artifactSet>
                <includes>
                  <include>dev.dejvokep:boosted-yaml</include>
                  <include>xyz.xenondevs.invui:*</include>
                </includes>
              </artifactSet>
            </configuration>
          </execution>
        </executions>
        <configuration>
          <transformers>
            <transformer />
          </transformers>
          <relocations>
            <relocation>
              <pattern>dev.dejvokep.boostedyaml.*</pattern>
              <pattern>xyz.xenondevs.invui.*</pattern>
              <shadedPattern>plugin.dtm.*</shadedPattern>
            </relocation>
          </relocations>
          <filters>
            <filter>
              <artifact>*:*</artifact>
              <excludes>
                <exclude>META-INF/*.MF</exclude>
              </excludes>
            </filter>
          </filters>
        </configuration>
      </plugin>
    </plugins>
  </build>
  <repositories>
    <repository>
      <id>spigotmc-repo</id>
      <url>https://hub.spigotmc.org/nexus/content/repositories/snapshots/</url>
    </repository>
    <repository>
      <id>sonatype</id>
      <url>https://oss.sonatype.org/content/groups/public/</url>
    </repository>
    <repository>
      <id>xenondevs</id>
      <url>https://repo.xenondevs.xyz/releases</url>
    </repository>
  </repositories>
  <dependencies>
    <dependency>
      <groupId>net.kyori</groupId>
      <artifactId>adventure-text-serializer-legacy</artifactId>
      <version>4.19.0</version>
      <scope>compile</scope>
    </dependency>
    <dependency>
      <groupId>org.spigotmc</groupId>
      <artifactId>spigot-api</artifactId>
      <version>1.21.4-R0.1-SNAPSHOT</version>
      <scope>provided</scope>
    </dependency>
    <dependency>
      <groupId>net.kyori</groupId>
      <artifactId>adventure-api</artifactId>
      <version>4.19.0</version>
      <scope>compile</scope>
    </dependency>
    <dependency>
      <groupId>net.kyori</groupId>
      <artifactId>adventure-text-minimessage</artifactId>
      <version>4.19.0</version>
      <scope>compile</scope>
    </dependency>
    <dependency>
      <groupId>com.google.code.gson</groupId>
      <artifactId>gson</artifactId>
      <version>2.13.1</version>
      <scope>compile</scope>
    </dependency>
    <dependency>
      <groupId>xyz.xenondevs.invui</groupId>
      <artifactId>invui</artifactId>
      <version>1.45</version>
      <type>pom</type>
      <scope>compile</scope>
    </dependency>
  </dependencies>
  <properties>
    <java.version>21</java.version>
    <project.build.sourceEncoding>UTF-8</project.build.sourceEncoding>
  </properties>
</project>
